{
    "main.py": 1594542109.8233728,
    "related_scripts\\CheckpointManager.py": 1594540970.5614252,
    "related_scripts\\data_loader.py": 1594261671.5928726,
    "related_scripts\\json_config.py": 1583061858.4680288,
    "related_scripts\\main.py": 1594461165.3069706,
    "related_scripts\\parameters.py": 1586160087.9308329,
    "related_scripts\\reporter.py": 1594261787.694099,
    "related_scripts\\sshupload.py": 1594542469.4599905,
    "related_scripts\\UpdateGUI.py": 1594542810.7635252,
    "related_scripts\\yaml_config.py": 1582878601.8303523
}